Almacén,Descripción del almacén,Clave de artículo,Estatus,Descripción del producto
3,MATERIA PRIMA,PC-BR-BR-01,Activo,[L16F-NI-SM] Broche Pañalero Fierro L16
3,MATERIA PRIMA,CO-CD-AC-02,Activo,ACEITE X LITRO
3,MATERIA PRIMA,GE-AS-AC-1,Activo,Acetato de sodio trihidratado por kilo
3,MATERIA PRIMA,SAN-ACO-01L,Activo,ACONDICIONADOR
3,MATERIA PRIMA,AC-CH-MT-01,Activo,Activador metalico para autocalentable
3,MATERIA PRIMA,PA-PA-DO-01,Activo,ADH 2 CARAS POLIESTER 51 x 66
3,MATERIA PRIMA,SE-GR-AD-03,Activo,ADHESIVO 250 (800 GMS)
3,MATERIA PRIMA,MP7-AD,Activo,ADHESIVO EN AEROSOL EXPERT HOLD-TIGHT
3,MATERIA PRIMA,AD-GR-AS-01-PZ,Activo,ADHESIVO EN SPRAY PR 16 OZ
3,MATERIA PRIMA,MP6-AD,Activo,ADHESIVO G-908
3,MATERIA PRIMA,SE-SA-AD-01,Activo,ADHESIVO LIQUIDO 1 LT
3,MATERIA PRIMA,SE-SE-AD-01,Activo,ADHESIVO PRIMER AB2001 P/ALUMINIO
3,MATERIA PRIMA,ADHESIVO,Activo,ADHESIVO REPOSCIONABLE TRANSPARENTE
3,MATERIA PRIMA,CO-SY-AG-01,Activo,AGUA PURIFICADA
3,MATERIA PRIMA,CO-CD-AG-01,Activo,AGUJA PUNTA BOLA FINA717094 S01-R
3,MATERIA PRIMA,CO-CD-AG-02,Activo,AGUJA PUNTA DE BOLA777922
3,MATERIA PRIMA,GR-TI-AH-02,Activo,AHULADO BLANCO VPM-910 (250 GMS.)
3,MATERIA PRIMA,GR-TI-AH-03,Activo,AHULADO DILUYENTE DYT-907 (250 GMS.)
3,MATERIA PRIMA,GR-TI-AH-01,Activo,AHULADO NEGRO VPM-101 (250 GMS.)
3,MATERIA PRIMA,ALAMBRE PULIDO,Activo,ALAMBRE PULIDO#13
3,MATERIA PRIMA,MP8-ALG-LT,Activo,ALCOGEL ECONOMICO
3,MATERIA PRIMA,MP8-ALE-LT,Activo,ALCOHOL ETILICO
3,MATERIA PRIMA,GR-AC-AP-01,Activo,APLICADOR DE EMULSION DE ALUMINIIO 45 CM
3,MATERIA PRIMA,TI-SE-BO-01,Activo,AZUL OBSCURO BOLSA KG
3,MATERIA PRIMA,SA-TI-PP-04,Activo,AZUL PP NON WOVEN
3,MATERIA PRIMA,CO-MJ-PL-01,Activo,B.PLACA TK-335
3,MATERIA PRIMA,PM-BA-BA-01,Activo,BANDOLA C#1 OVAL 25MM NQ CIENTO
3,MATERIA PRIMA,PA-BA-NY-01-PZ,Activo,"BARRA DE NYLON HUESO DE 1/4"""
3,MATERIA PRIMA,MC-CD-BA-01,Activo,BASE DE PIE T35CW
3,MATERIA PRIMA,GEL-MACO-VINIL,Activo,BASE VINIL 36x22.5
3,MATERIA PRIMA,BIE-FF-001,Activo,BIES DE FUNDAFLEX
3,MATERIA PRIMA,BIE-G-001,Activo,BIES GRIS
3,MATERIA PRIMA,BIE-N-001,Activo,BIES NEGRO
3,MATERIA PRIMA,BO-SE-BC-01,Activo,BLANCO BOLSA KG TINBOL006 KG
3,MATERIA PRIMA,47131803,Activo,BLANQUEADOR AL 4%/ACIDO MURIATICO
3,MATERIA PRIMA,CO-CD-BO-01,Activo,BOBINA BC DB1
3,MATERIA PRIMA,GS-BO-BP-01,Activo,Bolsa 17x18 Polietileno natural
3,MATERIA PRIMA,SLAPOLS06,Activo,Bolsa 211 12x29
3,MATERIA PRIMA,MP8-BP30-PZ,Activo,BOTELLA PIRAMIDE 30 ML 15/415  NATURAL
3,MATERIA PRIMA,MP5-101,Activo,BROCHE BLANCO 10MM AJUSTE SUVE
3,MATERIA PRIMA,BR-CHC-001MP,Activo,BROCHE CHINO CLAVO
3,MATERIA PRIMA,BRO-CH-HE-001,Activo,BROCHE CHINO HEMBRA
3,MATERIA PRIMA,BR-CHM-001-MP,Activo,BROCHE CHINO MACHO
3,MATERIA PRIMA,MP5-102,Activo,BROCHE NEGRO 10MM AJUSTE SUVE
3,MATERIA PRIMA,MP5-103,Activo,BROCHE ROSA 10MM AJUSTE SUVE
3,MATERIA PRIMA,MP-HM-CA-PZ,Activo,CABEZOTE
3,MATERIA PRIMA,PM-CA-BO-01,Activo,CADENA DE BOLITA 2.5mm c/100m NIQUEL
3,MATERIA PRIMA,MP5-127,Activo,CADENETA BLANCO 3MM
3,MATERIA PRIMA,29-EMP-L-192-PZ,Activo,CAJA CARTON CORRUGADO  37X27X30
3,MATERIA PRIMA,EM-CA-CC-01-PZ,Activo,CAJA CARTON CORRUGADO 28.5x25x30
3,MATERIA PRIMA,EM-CR-02-PZ,Activo,CAJA CARTON CORRUGADO 30x30x25
3,MATERIA PRIMA,EM-CA-MO-01-PZ,Activo,CAJA CARTON CORRUGADO 32X22X17
3,MATERIA PRIMA,JO-DO-CO-01-PZ,Activo,CAJA CARTON CORRUGADO 44X16X25
3,MATERIA PRIMA,EM-CR-01-PZ,Activo,CAJA CARTON CORRUGADO 45x30x30
3,MATERIA PRIMA,EM-CR-03-PZ,Activo,CAJA CARTON CORRUGADO 48x36x30
3,MATERIA PRIMA,29-EMP-L-072-PZ,Activo,CAJA CARTON CORRUGADO 50X40X30
3,MATERIA PRIMA,JO-DO-CO-02-PZ,Activo,CAJA CH DOBLE CORR 44..0 X 16.0 X 24.0
3,MATERIA PRIMA,EM-CR-02PZ,Activo,CAJA CORRUGADO 30x30x20
3,MATERIA PRIMA,EM-CR-04-PZ,Activo,CAJA CORRUGADO 37x27x30
3,MATERIA PRIMA,MP9-L-010,Activo,CAJA DE CARTÓN CORRUGADO 24x24x25
3,MATERIA PRIMA,MP9-L-012,Activo,CAJA DE CARTÓN CORRUGADO 27.5x22x17.5
3,MATERIA PRIMA,MP9-L-014,Activo,CAJA DE CARTÓN CORRUGADO 28x28x22
3,MATERIA PRIMA,MP9-L-040,Activo,CAJA DE CARTÓN CORRUGADO 45x30x30
3,MATERIA PRIMA,MP9-L-017,Activo,CAJA DE CARTÓN CORRUGADO30x30x25
3,MATERIA PRIMA,29-MPV-DOBLE-PZ,Activo,CAJA DOBLE CORRUGADO 19X45X28
3,MATERIA PRIMA,29-EMP-DOBLE-PZ1,Activo,CAJA DOBLE CORRUGADO18X44X26
3,MATERIA PRIMA,JO-DO-CO-03-PZ,Activo,CAJA GRANDE DOB CORR 44.0 X 18.0 X 26.0
3,MATERIA PRIMA,29-EMP-VA-CH,Activo,CAJA TOPLOADERS 249.25X125.293
3,MATERIA PRIMA,29-EMP-VA-GDE,Activo,CAJA TOPLOADERS 264X125.293
3,MATERIA PRIMA,MAT-CAN-02,Activo,CANASTO BEIGE
3,MATERIA PRIMA,MAT-CAN-GR,Activo,CANASTO GRIS
3,MATERIA PRIMA,MAT-CAN-01,Activo,CANASTO NEGRO
3,MATERIA PRIMA,01-POLY-VD,Activo,CANASTO VERDE
3,MATERIA PRIMA,PA-PA-CA-01,Activo,CAPLE PONDER REV CAFE 60X90 14P
3,MATERIA PRIMA,GE-CL-CA-01,Activo,CARBOMER 340 BOLSA 1KG
3,MATERIA PRIMA,GE-CL-CA-CJ,Activo,CARBOMER 340 CJ 21 KG
3,MATERIA PRIMA,CO-CD-CA-01,Activo,CARRETEL LISO RANURACORTA B0-1032B-755 S
3,MATERIA PRIMA,MP5-109,Activo,CARRO CIERRE DE NYLON #5 NEGRO
3,MATERIA PRIMA,MP5-107,Activo,CARRO JALADERA P/CIERRE PVC TRANSPARENTE
3,MATERIA PRIMA,P5-105,Activo,CARRO No. 5 AZUL MARINO
3,MATERIA PRIMA,53141600,Activo,CARRO No. 5 BLANCO
3,MATERIA PRIMA,P5-104,Activo,CARRO No. 5 GRIS
3,MATERIA PRIMA,CIM-C5-BA-MT,Activo,CARRO No. 5 VERDE BANDERA P/CIERRE
3,MATERIA PRIMA,MP5-108,Activo,CARRO PARA CIERRE DE VINIL NEGRO
3,MATERIA PRIMA,MP5-114,Activo,CARRO PARA CIERRE NYLON #3 VERDE
3,MATERIA PRIMA,MP5-106,Activo,CARRO PARA CIERRE VINIL TRANSPARENTE
3,MATERIA PRIMA,PA-PA-AG-PZ,Activo,CARTON AGUA GRAF 92X130 98P 2.50 MM
3,MATERIA PRIMA,MP6-CA,Activo,CARTÓN GRIS NAL. #6 (3MM)  100*130CM
3,MATERIA PRIMA,CAR-001-CH,Activo,CARTULINA CARTON CHICA
3,MATERIA PRIMA,CAR-002-GR,Activo,CARTULINA CARTON GRANDE
3,MATERIA PRIMA,SE-SE-CA-01,Activo,CATALIZADOR ADHESIVO AB-8066
3,MATERIA PRIMA,CI-CB-CA,Activo,CATALOGO DE COLORES
3,MATERIA PRIMA,CI-CB-CI-03,Activo,CIERRE AZUL MARINO No. 3
3,MATERIA PRIMA,CIE-B-T-001-MP,Activo,CIERRE BLANCO TRANSPARENTE
3,MATERIA PRIMA,CI-CB-CD-01,Activo,CIERRE CARBON CON DESLIZADORES
3,MATERIA PRIMA,CIE-NG-001,Activo,CIERRE CHINO NEGRO (MADEJA)
3,MATERIA PRIMA,CR-001-CH,Activo,CIERRE CHINO TRANSPARENTE
3,MATERIA PRIMA,CI-CB-CP-PZ,Activo,CIERRE DE 1 MT POLIESTER 03 MARINO
3,MATERIA PRIMA,CI-CB-CN-01,Activo,CIERRE DE 1 MT POLIESTER 05 ESMERALDA
3,MATERIA PRIMA,CI-IM-CN-16,Activo,CIERRE DE 1 MT POLIESTER 05 GRIS
3,MATERIA PRIMA,MP5-110,Activo,CIERRE DE NYLON  #5 NEGRO
3,MATERIA PRIMA,MP5-113,Activo,CIERRE DE NYLON #3 VERDE
3,MATERIA PRIMA,MPV-A-000211-MT,Activo,CIERRE DE NYLON AZUL  REY NO.5
3,MATERIA PRIMA,MP5-112,Activo,CIERRE DE VINIL C/CARRO NEGRO
3,MATERIA PRIMA,MP5-111,Activo,CIERRE DE VINIL C/CARRO TRANSPARENTE
3,MATERIA PRIMA,CI-CB-CI-01,Activo,CIERRE GRIS 16 No. 5
3,MATERIA PRIMA,MP5-133,Activo,CIERRE MINIGRIP NEGRO
3,MATERIA PRIMA,MP5-132,Activo,CIERRE MINIGRIP TRANSPARENTE
3,MATERIA PRIMA,MP5-115,Activo,CIERRE NEGRO DE CARRO CON JALADERA
3,MATERIA PRIMA,CI-IM-CN-05,Activo,CIERRE No 5 AZUL PANAM
3,MATERIA PRIMA,CI-IM-CN-11,Activo,CIERRE No 5 BEIGE
3,MATERIA PRIMA,53141506,Activo,CIERRE No 5 COLORES
3,MATERIA PRIMA,CI-IM-CN-08,Activo,CIERRE No 5 FIUSHA
3,MATERIA PRIMA,CI-IM-CN-06,Activo,CIERRE No 5 ROSA PASTEL
3,MATERIA PRIMA,CI-IM-CN-07,Activo,CIERRE No 5 VERDE MANZANA
3,MATERIA PRIMA,CI-IM-CN-09,Activo,CIERRE No 5AZUL CLARO
3,MATERIA PRIMA,MPV-A-000210-MT,Activo,CIERRE No. 5 AZUL MARINO
3,MATERIA PRIMA,MPV-A-000201-MT,Activo,CIERRE No. 5 BLANCO
3,MATERIA PRIMA,PL-A-00211,Activo,CIERRE No. 5 GRIS
3,MATERIA PRIMA,CI-IM-CN-12,Activo,CIERRE No. 5 GRIS OBSCURO
3,MATERIA PRIMA,CI-IM-CN-14,Activo,CIERRE No. 5 VERDE BANDERA
3,MATERIA PRIMA,CI-IM-CN-15,Activo,CIERRE No.5 MANDARINA
3,MATERIA PRIMA,CI-IM-CN-13,Activo,CIERRE No.5 ROJO
3,MATERIA PRIMA,CI-IM-CN-10,Activo,CIERRE NYLON No 5 GRIS MEDIO
3,MATERIA PRIMA,CI-IM-CN-02,Activo,CIERRE NYLON No. 5 Gris Plata
3,MATERIA PRIMA,CI-IM-CN-03,Activo,CIERRE NYLON No. 5 MENTA
3,MATERIA PRIMA,CI-IM-CN-01,Activo,CIERRE NYLON No. 5 NEGRO
3,MATERIA PRIMA,CI-IM-CN-04,Activo,CIERRE NYLON No. 5 VERDE LIMON
3,MATERIA PRIMA,CI-CB-CI-02,Activo,CIERRE OXFORD 36 No. 5
3,MATERIA PRIMA,CI-CB-CT-01,Activo,CIERRE TERMINADO No. 3 DE 20 CM BLANCO
3,MATERIA PRIMA,CI-CM-CT-02,Activo,CIERRE TIMON No. 5 ORO CON DESLIZADORES
3,MATERIA PRIMA,CI-CM-CT-01,Activo,CIERRE TIMON No. 5 PLATA CON DESLIZADORE
3,MATERIA PRIMA,CI-CM-CT-03,Activo,CIERRE TIMON ORO NEGRO No. 5
3,MATERIA PRIMA,CI-CM-CT-04,Activo,CIERRE TIMON PLATA NEGRO No. 5
3,MATERIA PRIMA,MP5-116,Activo,CIERRE TRANS. DE CARRO CON JALADERA
3,MATERIA PRIMA,CR-002-CH,Activo,CIERRE ZIP CHINO NEGRO
3,MATERIA PRIMA,MP9-CT-01,Activo,CINTA  JANEL 255 TRANSPARENTE 18x65
3,MATERIA PRIMA,CI-IM-CI-04,Activo,"CINTA 1"" POPOTILLO AMARILLO CANARIO"
3,MATERIA PRIMA,CIM-CI-VE-PZ,Activo,"CINTA 1"" VERDE BANDERA"
3,MATERIA PRIMA,CI-CI-PO-01,Activo,"CINTA 11/4"" BLANCO"
3,MATERIA PRIMA,CI-CI-PO-02,Activo,"CINTA 3/4"" BLANCO"
3,MATERIA PRIMA,CI-GN-DI-01,Activo,CINTA ADHESIVA DIUREX TUK200 24MMx65MTS
3,MATERIA PRIMA,GNS-TUK179,Activo,CINTA ADHESIVA TUK179 48MM
3,MATERIA PRIMA,31151503,Activo,"CINTA BLANCA 1"""
3,MATERIA PRIMA,MP9-CC,Activo,CINTA CANELA 48MMx150MTS
3,MATERIA PRIMA,AL-CON-02-PZ,Activo,CINTA CANELA JANEL 066 48MMX150MTS
3,MATERIA PRIMA,CI-GN-DI-02,Activo,CINTA CORTEFACIL TUK-200 12mm X 65mts
3,MATERIA PRIMA,29-EMP-CE-PZ,Activo,CINTA DE ENGOMADO
3,MATERIA PRIMA,MP5-139,Activo,"CINTA DOBLE CAPA 2""x50 MT DP389 AMARILLA"
3,MATERIA PRIMA,DB-CAR-1-2-PUL,Activo,CINTA DOBLE CAPA MEDIA PULGADA
3,MATERIA PRIMA,S-DO-DM789-25,Activo,"CINTA DOBLE CARA  25MMX50M 1 1/4"""
3,MATERIA PRIMA,S-DO-DM789-48,Activo,"CINTA DOBLE CARA 48MMX50M 2'"
3,MATERIA PRIMA,CI-SE-DC-01,Activo,CINTA DOBLE CARA DT-147 24 mm x 50 m
3,MATERIA PRIMA,CI-SE-DC-02,Activo,"CINTA DOBLE CARA MOD. DM-789 25MMX50M 1"""
3,MATERIA PRIMA,OD-CI-CI-01,Activo,CINTA DYMO M10697 PAPEL BN PZ
3,MATERIA PRIMA,CIN-001-GMP,Activo,CINTA GORILA
3,MATERIA PRIMA,CI-IM-CI-02,Activo,"CINTA P.P.P 1 1/2"" VERDE LIMON"
3,MATERIA PRIMA,FA-HI-CO-03-MTR,Activo,"CINTA P.P.P.  1"" NEGRA"
3,MATERIA PRIMA,CO-IM-CI-02-PZ,Activo,"CINTA P.P.P. 1 1/4"" NEGRA"
3,MATERIA PRIMA,CI-IM-CI-07,Activo,"CINTA P.P.P. 1"" AZUL PANAM"
3,MATERIA PRIMA,CI-IM-CI-08,Activo,"CINTA P.P.P. 1"" MANDARINA"
3,MATERIA PRIMA,CI-IM-CI-05,Activo,"CINTA P.P.P. 1"" ROJO"
3,MATERIA PRIMA,CI-IM-CI-06,Activo,"CINTA P.P.P. 1"" VERDE BANDERA"
3,MATERIA PRIMA,CI-IM-CI-01,Activo,"CINTA P.P.P. 1"" VERDE LIMON"
3,MATERIA PRIMA,CI-IM-CI-03,Activo,"CINTA P.P.P. 11/2"" AMARILLO CANARIO"
3,MATERIA PRIMA,CO-IM-CI-01-PZ,Activo,CINTA P.P.P. 11/4 BLANCA
3,MATERIA PRIMA,PR-CR-TR-MM2,Activo,CINTA RECTA  A 18MM VERDE
3,MATERIA PRIMA,PR-CI-F-MM3,Activo,CINTA RECTA 18MM FORRO C. A MARINO
3,MATERIA PRIMA,PR-CR-TR-MM4,Activo,CINTA RECTA 2.5 CM GRIS
3,MATERIA PRIMA,PR-CI-01-PZ,Activo,CINTA RECTA 8 CM BLANCO
3,MATERIA PRIMA,PR-CR--TR-MM3,Activo,CINTA RECTA 8CM BEIGE
3,MATERIA PRIMA,PR-CR-TR-MM,Activo,CINTA RECTA A 18 MM TRANS SAT
3,MATERIA PRIMA,PR-CR-TR-MM1,Activo,CINTA RECTA A 38MM TRANSP
3,MATERIA PRIMA,MP9-CT,Activo,CINTA TRANSPARENTE 48MMx150MTS
3,MATERIA PRIMA,CO-CD-DE-03,Activo,CLIPPER DESHEBRADOR GEN ANYSEWTC-805B
3,MATERIA PRIMA,COF-001,Activo,COFIA VENECIANA JERSEY AZUL MARINO
3,MATERIA PRIMA,MP8-CLA-PZ,Activo,COLOR LIQUIDO ARTIFICIAL
3,MATERIA PRIMA,CO-JC-MO-PZA,Activo,COLOR MORADO  10 ML
3,MATERIA PRIMA,CO-AL-CO-01,Activo,COLORANTE LIQUIDO AZUL CIELO
3,MATERIA PRIMA,CO-LC-CO-01,Activo,COLORANTE PARA JABON MORADO 30 ML
3,MATERIA PRIMA,CO-RM-RO-01-PZA,Activo,COLORCHEF LIQUIDO ROSA 250 ML
3,MATERIA PRIMA,CO-RM-RO-PZA,Activo,COLORCHEF LIQUIDO ROSA 60 ML
3,MATERIA PRIMA,MP5-117,Activo,CONECTOR PARA LLAVERO
3,MATERIA PRIMA,PM-CA-BO-02,Activo,CONECTORA P/CADENA DE BOLITA 2.5mm NIQUE
3,MATERIA PRIMA,MP5-120,Activo,CONTACTEL BLANCO 19MM x 25 MTS
3,MATERIA PRIMA,MP5-118,Activo,"CONTACTEL BLANCO 2""x25MTS CON ADHESIVO"
3,MATERIA PRIMA,MP5-119,Activo,"CONTACTEL BLANCO 2""x25MTS SIN ADHESIVO"
3,MATERIA PRIMA,IM-CO-NE-01,Activo,"CONTACTEL NEGRO 1 """
3,MATERIA PRIMA,CO-DL-02-PZ,Activo,CONTENEDOR O ENVASE 1KG ENV/INC
3,MATERIA PRIMA,OJ-PM-NI-02,Activo,CONTRA METALICA OJILLO 11-Z
3,MATERIA PRIMA,OJ-NE-NI-02,Activo,CONTRAS K-20 CON 1000 PZAS
3,MATERIA PRIMA,CO-FI-ALGODON,Activo,CORDON ALGODON.
3,MATERIA PRIMA,FA-HI-CO-02-PZ,Activo,CORDON CADENETA PARA CHINOS BLANCO 3 MM
3,MATERIA PRIMA,CO-FI-MA-003,Activo,CORDON DE ALGODON TIPO LAM AZUL MARINO
3,MATERIA PRIMA,FA-HI-CO-03-KG,Activo,CORDON MACRAME 26 AZUL CIELO
3,MATERIA PRIMA,MAD-ASA-02-AZULM,Activo,CORDON MACRAME AZUL MARINO
3,MATERIA PRIMA,MACRA-0013MM,Activo,CORDON MACRAME BLANCO
3,MATERIA PRIMA,MAD-ASA-01-NEGRO,Activo,CORDON MACRAME NEGRO
3,MATERIA PRIMA,MP5-128,Activo,CORDÓN TEJIDO 4MM GRIS PLATA
3,MATERIA PRIMA,FA-HI-CO-04-KG,Activo,CORDÓN TIPO LAM COLOR AMARILLO CANARIO
3,MATERIA PRIMA,FA-HI-CO-01-PZ,Activo,CORDON TIPO LAM COLOR GRIS PLATA
3,MATERIA PRIMA,CO-FA-LAM-02,Activo,CORDON TIPO LAM GRUESO 04 VERDE AGUA
3,MATERIA PRIMA,CO-FA-LAM-03,Activo,CORDON TIPO LAM GRUESO AZUL REY
3,MATERIA PRIMA,CO-FA-LAM-01,Activo,CORDON TIPO LAM GRUESO COLOR 14 NARANJA
3,MATERIA PRIMA,FA-HI-CO-05-KG,Activo,CORDON TIPO LAM GRUESO GRIS OXFORD
3,MATERIA PRIMA,FA-HI-CO-02-KG,Activo,CORDON TIPO LAM NEGRO 5 MM
3,MATERIA PRIMA,PC-BR-BR-02,Activo,"Corona Broche Pañalero L16 (NQ, Jiber)"
3,MATERIA PRIMA,MP5-104,Activo,CRISTAL CLEAR C-30 90*120 CM
3,MATERIA PRIMA,MP5-105,Activo,CRISTAL CLEAR C-40 90*120 CM
3,MATERIA PRIMA,MP1-0486506-P,Activo,CRISTAL FLEXIBLE C 10
3,MATERIA PRIMA,MP1-0515007-P,Activo,CRISTAL FLEXIBLE C 5.5
3,MATERIA PRIMA,MP1-0488502-P,Activo,CRISTAL FLEXIBLE CRISTAL C-12
3,MATERIA PRIMA,MP1-0490003-P,Activo,CRISTAL FLEXIBLE CRISTAL C-14
3,MATERIA PRIMA,MP1-0492009-P,Activo,CRISTAL FLEXIBLE CRISTAL C-16
3,MATERIA PRIMA,MP1-0493502-P,Activo,CRISTAL FLEXIBLE CRISTAL C-18
3,MATERIA PRIMA,MP1-0500009-P,Activo,CRISTAL FLEXIBLE CRISTAL C-2/5
3,MATERIA PRIMA,MP1-0503508-P,Activo,CRISTAL FLEXIBLE CRISTAL C-3/4
3,MATERIA PRIMA,MP1-0507004-P,Activo,CRISTAL FLEXIBLE CRISTAL C-4/5
3,MATERIA PRIMA,MP1-0515008-P,Activo,CRISTAL FLEXIBLE CRISTAL C-5/6
3,MATERIA PRIMA,MP1-0481002-P,Activo,CRISTAL FLEXIBLE CRISTAL C-8
3,MATERIA PRIMA,MP1-1311121-D,Activo,CRISTAL FLEXIBLE NATURAL C-6
3,MATERIA PRIMA,CR-SM-001,Activo,CRISTAL SEMIRRIGIDO TRANSPARENTE 2.5
3,MATERIA PRIMA,CRI-SM-001-MP,Activo,CRISTAL SEMIRRIGIDO TRANSPARENTE 4/5
3,MATERIA PRIMA,PL-CR-SM-02,Activo,CRISTAL SEMIRRIGIDO TRANSPARENTE 5.6
3,MATERIA PRIMA,CRI-SM-T-KGR,Activo,CRISTAL SEMIRRIGIDO TRANSPARENTE C 10
3,MATERIA PRIMA,PL-CR-SM-01-PZ,Activo,CRISTAL SEMIRRIGIDO TRANSPARENTE C 12
3,MATERIA PRIMA,PL-CR-SM-03-R,Activo,CRISTAL SEMIRRIGIDO TRANSPARENTE C 8
3,MATERIA PRIMA,UB-CU-GA-01,Activo,CUBETA 19 LTS CON TAPA DE SEGURIDAD
3,MATERIA PRIMA,CUT-001-MT,Activo,CUTTER 18 MM
3,MATERIA PRIMA,CU-TT-UR-01,Activo,CUTTER NAVAJA GDE METAL USO RUDO
3,MATERIA PRIMA,CO-CD-DE-02,Activo,DESCOSEDOR GRANDE ROJO C/BOLIT S:LOT00
3,MATERIA PRIMA,SE-GR-DE-01,Activo,DESEMULSIONADOR LIQUIDO
3,MATERIA PRIMA,CO-CD-DE-01,Activo,DESHEBRAD NORMALTC-100* CAJA 12 PZAS
3,MATERIA PRIMA,DES-015,Activo,DESLIZADOR 5VENUS ORO S/S
3,MATERIA PRIMA,DES-SA-01,Activo,DESLIZADOR DE CIERRE SPRING AIR
3,MATERIA PRIMA,DES-114,Activo,DESLIZADOR FANTASIA D27 PLAST NEGRO No 5
3,MATERIA PRIMA,DES-115,Activo,DESLIZADOR FANTASIA D60 PLAST NEGRO No 5
3,MATERIA PRIMA,DES-017,Activo,DESLIZADOR POL. 5 ESMERALDA J/LARGA
3,MATERIA PRIMA,DES-029,Activo,DESLIZADOR POL. 5 GRIS J/LARGA
3,MATERIA PRIMA,DES-028,Activo,DESLIZADOR POLIESTER 3 AZUL MARINO C/SEG
3,MATERIA PRIMA,DES-030,Activo,DESLIZADOR ZIP NEGRO CHINO
3,MATERIA PRIMA,DES-013,Activo,DESLIZADORES AZUL CLARO No 5
3,MATERIA PRIMA,DES-008,Activo,DESLIZADORES AZUL MARINO No. 5
3,MATERIA PRIMA,DES-009,Activo,DESLIZADORES AZUL PANAM No 5
3,MATERIA PRIMA,DES-016,Activo,DESLIZADORES AZUL REY No 5
3,MATERIA PRIMA,DES-018,Activo,DESLIZADORES BEIGE No 5
3,MATERIA PRIMA,DES-001,Activo,DESLIZADORES BLANCOS NO.3
3,MATERIA PRIMA,DES-002,Activo,DESLIZADORES BLANCOS NO.5
3,MATERIA PRIMA,DES-026,Activo,DESLIZADORES CHINO TRANSPARENTE
3,MATERIA PRIMA,DES-027,Activo,DESLIZADORES CHINOS GRIS
3,MATERIA PRIMA,DES-012,Activo,DESLIZADORES FIUSHA No 5
3,MATERIA PRIMA,DES-024,Activo,DESLIZADORES GRIS 16 No.5
3,MATERIA PRIMA,DES-014,Activo,DESLIZADORES GRIS MEDIO No 5
3,MATERIA PRIMA,DES-005,Activo,DESLIZADORES GRIS PLATA No. 5
3,MATERIA PRIMA,DES-023,Activo,DESLIZADORES MANDARINA No.5
3,MATERIA PRIMA,DES-006,Activo,DESLIZADORES MENTA No. 5
3,MATERIA PRIMA,DES-003,Activo,DESLIZADORES NEGROS NO. 5
3,MATERIA PRIMA,DES-004,Activo,DESLIZADORES NIQUELADOS NO.5
3,MATERIA PRIMA,DES-019,Activo,DESLIZADORES ORO No. 5
3,MATERIA PRIMA,DES-025,Activo,DESLIZADORES OXFORD 36 No.5
3,MATERIA PRIMA,DES-020,Activo,DESLIZADORES PLATA
3,MATERIA PRIMA,DES-021,Activo,DESLIZADORES ROJO No. 5
3,MATERIA PRIMA,DES-002-RMP,Activo,DESLIZADORES ROJOS
3,MATERIA PRIMA,DES-010,Activo,DESLIZADORES ROSA PASTEL No 5
3,MATERIA PRIMA,DES-022,Activo,DESLIZADORES VERDE BANDERA No. 5
3,MATERIA PRIMA,DES-007,Activo,DESLIZADORES VERDE LIMON No. 5
3,MATERIA PRIMA,DES-011,Activo,DESLIZADORES VERDE MANZANA No 5
3,MATERIA PRIMA,53131608,Activo,DETERGENTE ROMA DE 5 KG
3,MATERIA PRIMA,MP7-IS,Activo,DILUYENTE ISOFORONA
3,MATERIA PRIMA,MP7-SP,Activo,DILUYENTE SP-400
3,MATERIA PRIMA,MPV-TS-0000172,Activo,DILUYENTE SP-500
3,MATERIA PRIMA,MP9-DCF,Activo,DIUREX CORTE FÁCIL DE 24MMx65M
3,MATERIA PRIMA,CI-AR-DI-01,Activo,DIUREX CORTE FACIL JANEL DE 18x50
3,MATERIA PRIMA,IM-CI-DC-01,Activo,DOBLE CAPA 12x50 POLIPROPILENO DEVEK
3,MATERIA PRIMA,11162100,Activo,ELASTICO COLETERO BLANCO
3,MATERIA PRIMA,MP5-121,Activo,ELASTICO TUBULAR
3,MATERIA PRIMA,MP1-1116211-D,Activo,EMPACK FLEXIBLE NATURAL C-4
3,MATERIA PRIMA,EMPA-ANTI,Activo,EMPAQUE ANTIBLOCK 4
3,MATERIA PRIMA,MP1-0000021-S,Activo,EMPAQUE ANTIBLOCK C 3.5
3,MATERIA PRIMA,EMP-C3.5-1.41,Activo,EMPAQUE ANTIBLOCK C3.5 1.41 PLATEADO
3,MATERIA PRIMA,EMP-003,Activo,EMPAQUE ANTIBLOCK CHAROL C 2.5
3,MATERIA PRIMA,EMP-002,Activo,EMPAQUE ANTIBLOCK CHAROL PLATEADO 3/3.5
3,MATERIA PRIMA,EMP-001,Activo,EMPAQUE ANTIBLOCK CHAROL PLATEADO C 4
3,MATERIA PRIMA,MP1-0000016-S,Activo,EMPAQUE ANTIBLOCK PLATA C-2.5
3,MATERIA PRIMA,MP1-0000017-S,Activo,EMPAQUE ANTIBLOCK PLATA C-3
3,MATERIA PRIMA,MP1-0000020-S,Activo,EMPAQUE ANTIBLOCK PLATA C-3.5
3,MATERIA PRIMA,MP1-0000018-S,Activo,EMPAQUE ANTIBLOCK PLATA C-4
3,MATERIA PRIMA,MP1-0000019-S,Activo,EMPAQUE ANTIBLOCK PLATA C-6
3,MATERIA PRIMA,3-EM-CIM,Activo,EMPAQUE DE VINIL CON IMPRESIÓN
3,MATERIA PRIMA,3-EM-CI,Activo,EMPAQUE DE VINIL CON IMPRESIÓN
3,MATERIA PRIMA,DCO-EMPVINIL4,Activo,EMPAQUE DE VINIL CRISTAL
3,MATERIA PRIMA,EMPSI,Activo,EMPAQUE DE VINIL SIN IMPRESION
3,MATERIA PRIMA,3-EM-SINAD,Activo,EMPAQUE DE VINIL SIN IMPRESION
3,MATERIA PRIMA,E-EM-SIM,Activo,EMPAQUE DE VINIL SIN IMPRESIÓN
3,MATERIA PRIMA,3-EM-VSI,Activo,EMPAQUE DE VINIL SIN IMPRESIÓN
3,MATERIA PRIMA,VIQG-EM-CI 68,Activo,EMPAQUE DE VINIL STD 68x48
3,MATERIA PRIMA,LMFCSIL17-DEV,Activo,EMPAQUE EDREDON VERANO LIVERPOOL BIEGE
3,MATERIA PRIMA,ENBO000480,Activo,EMPAQUE VINIL ENBO000480 72X52
3,MATERIA PRIMA,ENBO000481,Activo,EMPAQUE VINIL ENBO000481 92x52
3,MATERIA PRIMA,SO-DG-CP-PZ,Activo,EMULSION CHROMALINE CP-2 SIN SENSIBILIZA
3,MATERIA PRIMA,MP7-EM,Activo,EMULSIÓN CP-2 DIAZO Y FRASCO SATINIZADOR
3,MATERIA PRIMA,MP6-EN,Activo,ENVASE / GARRAFÓN
3,MATERIA PRIMA,CO-CD-EN-01,Activo,ENVASE PARA GALON
3,MATERIA PRIMA,ENVASES,Activo,ENVASES 1KG GARRAFA
3,MATERIA PRIMA,MP6-ES,Activo,ESPONJA ROJA V. CON CARGA DESILICON 10MM
3,MATERIA PRIMA,MP6-ESP,Activo,ESPUMA DE POLIURETANO 3MM*50MT
3,MATERIA PRIMA,MP6-ESD,Activo,ESPUMA DIAMANTADA 3MM
3,MATERIA PRIMA,MP6-EPU,Activo,ESPUMIN BLANCO 2MM
3,MATERIA PRIMA,MP6-ESG,Activo,ESPUMIN GALLETA 2 MM
3,MATERIA PRIMA,MP6-EST,Activo,ESTIRENO BLANCO C-15 122x152CM
3,MATERIA PRIMA,MA-ES-BL-01-PZ,Activo,ESTOPA BLANCA SUPER EXTRA
3,MATERIA PRIMA,CU-TF-REP-04-PZ,Activo,ESTUCHE 50 CUCHILLAS SK4 18 MM P CUTTER
3,MATERIA PRIMA,CU-TF-REP-05-PZ,Activo,ESTUCHE CON 10 CUCHILLAS SK2 de 18 mm
3,MATERIA PRIMA,ET-HU-ET-01,Activo,ETIQUETA DE CARTULINA CON RONDANA
3,MATERIA PRIMA,MP1-0000021-EXP,Activo,EVA
3,MATERIA PRIMA,MP3.-0734004-P,Activo,FILM C-5/6 BLANCO
3,MATERIA PRIMA,MP3.-0923508-P,Activo,FILM C-5/6 TRANSPARENTE
3,MATERIA PRIMA,MP9-FJ,Activo,"FLEJE NATURAL DE 1/2"" SEMIAUTO"
3,MATERIA PRIMA,FLEJE,Activo,"FLEJE NATURAL PARA MAQUINA DEL 1/2"" CAL"
3,MATERIA PRIMA,MP4-8107-S,Activo,FLEXIVIN INFLABLE C-8 NARANJA FLUORESCEN
3,MATERIA PRIMA,MP4-8052-S,Activo,FLEXIVIN INFLABLE CHAROL C-8 AMARILLO
3,MATERIA PRIMA,MP4-8050-S,Activo,FLEXIVIN INFLABLE CHAROL C-8 AZUL
3,MATERIA PRIMA,MP4-8054-S,Activo,FLEXIVIN INFLABLE CHAROL C-8 ROJO
3,MATERIA PRIMA,MP4-8051-S,Activo,FLEXIVIN INFLABLE CHAROL C-8 TRANSPARENT
3,MATERIA PRIMA,MP4-8053-S,Activo,FLEXIVIN INFLABLE CHAROL C-8 VERDE
3,MATERIA PRIMA,FL-SI-MA-01,Activo,FLEXIVIN INFLABLE MATE C 7 1.41 Negro
3,MATERIA PRIMA,SI-FI-MA-01,Activo,FLEXIVIN INFLABLE MATE C 7 NEGRO
3,MATERIA PRIMA,MP4-8108-S,Activo,FLEXIVIN INFLABLE MATE C-7 AZUL REY
3,MATERIA PRIMA,MP4-8103-S,Activo,FLEXIVIN INFLABLE MATE C-8 AMARILO
3,MATERIA PRIMA,MP4-8104-S,Activo,FLEXIVIN INFLABLE MATE C-8 AZUL
3,MATERIA PRIMA,MP4-8101-S,Activo,FLEXIVIN INFLABLE MATE C-8 AZUL REY
3,MATERIA PRIMA,MP4-8106-S,Activo,FLEXIVIN INFLABLE MATE C-8 BLANCO
3,MATERIA PRIMA,MP4-8102-S,Activo,FLEXIVIN INFLABLE MATE C-8 NEGRO
3,MATERIA PRIMA,MP4-8100-S,Activo,FLEXIVIN INFLABLE MATE C-8 ROJO
3,MATERIA PRIMA,MP4-8105-S,Activo,FLEXIVIN INFLABLE MATE C-8 VERDE
3,MATERIA PRIMA,SINT-FLEXI - C10,Activo,FLEXIVIN MATE NEGRO CALIBRE 10
3,MATERIA PRIMA,MP4-8004-S,Activo,FLEXIVIN SEDA C-10  AZUL REY
3,MATERIA PRIMA,MP4-8005-S,Activo,FLEXIVIN SEDA C-10 AMARILLO
3,MATERIA PRIMA,MP4-8008-S,Activo,FLEXIVIN SEDA C-10 AZUL CIELO
3,MATERIA PRIMA,MP4-8000-S,Activo,FLEXIVIN SEDA C-10 AZUL MARINO
3,MATERIA PRIMA,MP4-8001-S,Activo,FLEXIVIN SEDA C-10 BLANCO
3,MATERIA PRIMA,MP4-8010-S,Activo,FLEXIVIN SEDA C-10 CAFÉ
3,MATERIA PRIMA,MP4-8003-S,Activo,FLEXIVIN SEDA C-10 GRIS
3,MATERIA PRIMA,MP4-8002-S,Activo,FLEXIVIN SEDA C-10 HUESO
3,MATERIA PRIMA,MP4-8007-S,Activo,FLEXIVIN SEDA C-10 NEGRO
3,MATERIA PRIMA,MP4-8006-S,Activo,FLEXIVIN SEDA C-10 ROJO
3,MATERIA PRIMA,MP4-8011-S,Activo,FLEXIVIN SEDA C-10 ROSA
3,MATERIA PRIMA,MP4-8009-S,Activo,FLEXIVIN SEDA C-10 VERDE
3,MATERIA PRIMA,MANT-PL-49,Activo,FLEXOMETRO 3 M CINTA 13 MM
3,MATERIA PRIMA,MP6-FO,Activo,FOAMI 2MM MEDIDA DE 150x70CM
3,MATERIA PRIMA,FO-NI-01-PZ,Activo,FOMI LAM 3 LISO COLOR CLARO
3,MATERIA PRIMA,MP4-9003-S,Activo,FORRO ALASKA BLANCO CON SOPORTE
3,MATERIA PRIMA,TE-IM-FC-05,Activo,FORRO CARTERA 110 GRS BLANCO
3,MATERIA PRIMA,TE-IM-FC-15,Activo,FORRO CARTERA 70 GR GRIS MEDIO
3,MATERIA PRIMA,TE-IM-FC-01,Activo,FORRO CARTERA 70 GRS 160 CM VARIOS COLOR
3,MATERIA PRIMA,TE-IM-FC-04,Activo,FORRO CARTERA 70G 160CM AZUL
3,MATERIA PRIMA,TE-IM-FC-09,Activo,FORRO CARTERA 70G 160CM AZUL CIELO
3,MATERIA PRIMA,TE-IM-FC-11,Activo,FORRO CARTERA 70G 160CM AZUL MARINO
3,MATERIA PRIMA,TE-IM-FC-08,Activo,FORRO CARTERA 70G 160CM FUCSIA
3,MATERIA PRIMA,TE-IM-FC-14,Activo,FORRO CARTERA 70G 160CM MANDARINA
3,MATERIA PRIMA,TE-IM-FC-02,Activo,FORRO CARTERA 70G 160CM MORADO
3,MATERIA PRIMA,TE-IM-FC-12,Activo,FORRO CARTERA 70G 160CM ROJO
3,MATERIA PRIMA,TE-IM-FC-03,Activo,FORRO CARTERA 70G 160CM ROSA
3,MATERIA PRIMA,TE-IM-FC-07,Activo,FORRO CARTERA 70G 160CM ROSA PASTEL
3,MATERIA PRIMA,TE-IM-FC-13,Activo,FORRO CARTERA 70G 160CM VERDE BANDERA
3,MATERIA PRIMA,TE-IM-FC-10,Activo,FORRO CARTERA 70G 160CM VERDE MANZANA
3,MATERIA PRIMA,TE-IM-FC-06,Activo,FORRO CARTERA 70G AZUL PANAM
3,MATERIA PRIMA,TE-RO-FC-01,Activo,FORRO CARTERA 70GR AZUL REY
3,MATERIA PRIMA,FR-00101-RO,Activo,FORRO CARTERA BLANCO
3,MATERIA PRIMA,11151511,Activo,FORRO CARTERA COLORES
3,MATERIA PRIMA,FR-CA-N-001,Activo,FORRO CARTERA NEGRO
3,MATERIA PRIMA,FR-00100-R,Activo,FORRO CARTERA ROJO
3,MATERIA PRIMA,FUN-01,Activo,FUNDAFLEX  C. 6
3,MATERIA PRIMA,FU-001-PL,Activo,FUNDAFLEX PLASTIFICADO
3,MATERIA PRIMA,CO-CD-AC-01,Activo,GALON ACEITE MAQUINA DE COSER
3,MATERIA PRIMA,MP5-122,Activo,GANCHO BLANCO TIPO PATO
3,MATERIA PRIMA,MP5-124,Activo,GANCHO DE PLÁSTICO INYECTADO
3,MATERIA PRIMA,GA-PM-GA-01,Activo,GANCHO MUESTRARIO BASE #3 BLANCO c/5000
3,MATERIA PRIMA,GA-PM-GA-02,Activo,GANCHO MUESTRARIO CON BASE #3 BCO C/500
3,MATERIA PRIMA,MP5-140,Activo,GANCHO NEGRO TIPO PATO
3,MATERIA PRIMA,MP5-123,Activo,GANCHO ROSA TIPO PATO
3,MATERIA PRIMA,ENVASES1,Activo,GARRAFA DE 50 KGS
3,MATERIA PRIMA,ENVASES2,Activo,GARRAFON 5 KG
3,MATERIA PRIMA,AGUA 20 LT,Activo,GARRAFONES DE AGUA
3,MATERIA PRIMA,GEL-ANT-001,Activo,GEL ANTIBACTERIAL
3,MATERIA PRIMA,MP8-GCR-KG,Activo,GEL CRYSTAL
3,MATERIA PRIMA,MP8-GER-KG,Activo,GERMABEN II
3,MATERIA PRIMA,MP5-134,Activo,GI BLANCO R3290MM 8CM*45.72 MT
3,MATERIA PRIMA,MP8-GLI-KG,Activo,GLICERINA
3,MATERIA PRIMA,MP3.-1004102-P,Activo,GRANITO C-10 AMARILLO
3,MATERIA PRIMA,MP3.-1004101-P,Activo,GRANITO C-10 AZUL CIELO
3,MATERIA PRIMA,MP3.-1001403-P,Activo,GRANITO C-10 AZUL MARINO
3,MATERIA PRIMA,MP3.-1004104-P,Activo,GRANITO C-10 AZUL MONARCA
3,MATERIA PRIMA,MP3.-1004001-P,Activo,GRANITO C-10 AZUL OCEANO
3,MATERIA PRIMA,MP3.-1004100-P,Activo,GRANITO C-10 AZUL REY
3,MATERIA PRIMA,MP3.-1004111-P,Activo,GRANITO C-10 BEIGE ARENAL
3,MATERIA PRIMA,MP3.-1008002-P,Activo,GRANITO C-10 BLANCO
3,MATERIA PRIMA,MP3.-1004112-P,Activo,GRANITO C-10 CAFÉ MADERA
3,MATERIA PRIMA,MP3.-1004113-P,Activo,GRANITO C-10 GRIS
3,MATERIA PRIMA,MP3.-1004106-P,Activo,GRANITO C-10 NEGRO
3,MATERIA PRIMA,MP3.-1004107-P,Activo,GRANITO C-10 ROJO
3,MATERIA PRIMA,MP3.-1004103-P,Activo,GRANITO C-10 ROSA
3,MATERIA PRIMA,MP3.-1004108-P,Activo,GRANITO C-10 VERDE BANDERA
3,MATERIA PRIMA,MP3.-1004109-P,Activo,GRANITO C-10 VERDE FOLLAJE
3,MATERIA PRIMA,MP3.-1004110-P,Activo,GRANITO C-10 VERDE JARDIN
3,MATERIA PRIMA,MP3.-1077850-P,Activo,GRANITO C-10 VERDE OSCURO
3,MATERIA PRIMA,MP3.-0964504-P,Activo,GRANITO C-8 AZUL MARINO
3,MATERIA PRIMA,MP3.-0964505-P,Activo,GRANITO C-8 BLANCO
3,MATERIA PRIMA,MP3.-1311121-P,Activo,GRANITO C-8 MORADO 254C
3,MATERIA PRIMA,MP3.-0964503-P,Activo,GRANITO C-8 NEGRO
3,MATERIA PRIMA,MP3-131112-P,Activo,GRANITO C-8 ROJO
3,MATERIA PRIMA,MP3.-0964506-P,Activo,GRANITO C-8 VERDE
3,MATERIA PRIMA,MP3.-131112*-P,Activo,GRANITO C-9 AMARILLO 115C
3,MATERIA PRIMA,MP5-125,Activo,GRAPA DE SOBRE METÁLICO
3,MATERIA PRIMA,56111905,Activo,GRAPA PARA SOBRE CHICA
3,MATERIA PRIMA,46181541,Activo,GUANTE USO DOMESTICO
3,MATERIA PRIMA,PC-BR-BR-03,Activo,Hembra Broche Pañalero L16 (Jiber)
3,MATERIA PRIMA,HI-CD-KI-09,Activo,HILO AGUACATE 40/2 079 KINGTEX
3,MATERIA PRIMA,HI-CD-KI-06,Activo,HILO AZUL CAPRI 40/2 055 KINGTEX
3,MATERIA PRIMA,HI-CD-KI-10,Activo,HILO AZUL CIELO 40/2 289 KINGTEX
3,MATERIA PRIMA,KINTEX 40/2,Activo,HILO AZUL MARINO
3,MATERIA PRIMA,HI-CD-KI-04,Activo,HILO AZUL REY 40/2 241 KINGTEX
3,MATERIA PRIMA,HI-CD-KI-17,Activo,HILO BEIGE ARENA 40/2 167 KINGTEX
3,MATERIA PRIMA,KINTEX WHITE,Activo,HILO BLANCO KINGTEX
3,MATERIA PRIMA,HI-CD-KI-15,Activo,HILO CHABACANO 40/2 033 KINGTEX
3,MATERIA PRIMA,HI-CD-KI-07,Activo,HILO CLAVEL 40/2 003  KINGTEX
3,MATERIA PRIMA,HIL-001-RMT,Activo,HILO COLOR ROJO
3,MATERIA PRIMA,KINTEX-GR-MP,Activo,HILO GRIS 40/2 262
3,MATERIA PRIMA,HI-CD-KI-02,Activo,HILO GRIS PERLA 40/2 206 KINGTEX
3,MATERIA PRIMA,HI-CD-KI-18,Activo,HILO HUESO POLIESTER 40/2  097 KINGTEX
3,MATERIA PRIMA,HI-CD-KI-11,Activo,HILO MARFIL 40/2 164
3,MATERIA PRIMA,HI-CD-KI-12,Activo,HILO MORADO CLARO 40/2 018 KINGTEX
3,MATERIA PRIMA,HI-TR-KI-01,Activo,HILO MORADO KINGTEX
3,MATERIA PRIMA,KINTEX BLACK,Activo,HILO NEGRO
3,MATERIA PRIMA,HI-CD-KI-16,Activo,HILO ROJO 40/2 011 KINGTEX
3,MATERIA PRIMA,HI-CD-KI-08,Activo,HILO ROSA MEXICANO 40/2 220 KINGTEX
3,MATERIA PRIMA,HI-CD-KI-05,Activo,HILO ROSA PASTEL 40/2 002 KINGTEX
3,MATERIA PRIMA,HI-CD-KI-01,Activo,HILO TIFANY 40/2 284 KINGTEX
3,MATERIA PRIMA,HI-CD-KI-13,Activo,HILO TURQUESA 40/2 059 KINGTEX
3,MATERIA PRIMA,HIL-002-VMT,Activo,HILO VERDE
3,MATERIA PRIMA,HI-CD-KI-03,Activo,HILO VERDE 40/2 1459 KINGTEX
3,MATERIA PRIMA,HI-CD-KI-14,Activo,HILO VERDE BANDERA 40/2 081 KINGTEX
3,MATERIA PRIMA,MP7-HR3,Activo,HULE PARA RACERO 3*0.8 CM
3,MATERIA PRIMA,MP7-HR5,Activo,HULE PARA RACERO 5*0.9 CM
3,MATERIA PRIMA,TE-GA-PO-01,Activo,IMPA326 NEGRO POLIESTER PVC
3,MATERIA PRIMA,PR-AL-01-PZ,Activo,IMPRESION A 1X1 TINTA EN PAPEL BOND MEDI
3,MATERIA PRIMA,HU-IM-LU-01,Activo,IMPRESION DIGITAL EN TABLOIDE LULO
3,MATERIA PRIMA,47131501,Activo,JERGA SARGADA/FRANELA 1 MT X60 CM
3,MATERIA PRIMA,OJ-NE-TR-01,Activo,K-20 TROQUEL OJILLO
3,MATERIA PRIMA,CA-KI-NE-1-PZ,Activo,KINGTEX 40/2 BLACK
3,MATERIA PRIMA,PI-JC-PV-02,Activo,LACA TRUFILM BRILLANTE (420 ML)
3,MATERIA PRIMA,MP12-POLI-PZ,Activo,"LAMINAS DE PEAD NATURAL CALIBRE 0.030"""
3,MATERIA PRIMA,SE-GR-LIQ,Activo,LIQUIDO ESPECIAL PARA QUITAR PEGAMENTO
3,MATERIA PRIMA,PC-BR-BR-04,Activo,Macho Broche Pañalero L16 (Jiber)
3,MATERIA PRIMA,CO-FI-MA-002,Activo,MACRAME DE ALGODON GRIS
3,MATERIA PRIMA,CO-FI-MA-001,Activo,MACRAME DE ALGODON NEGRO
3,MATERIA PRIMA,60123701,Activo,MACRAME DE COLORES
3,MATERIA PRIMA,PIO-MT-001,Activo,MADEJA DE PIOLA
3,MATERIA PRIMA,IM-MA-MA-01,Activo,MALLA NYLON
3,MATERIA PRIMA,IM-MA-MA-02,Activo,MALLA PVC
3,MATERIA PRIMA,SE-SE-MA-02,Activo,MALLA T-120 x 1.60 DE ANCHO AMARILLA
3,MATERIA PRIMA,SE-SE-MA-04,Activo,MALLA T-62 X 1.58 DE ANCHO BCA
3,MATERIA PRIMA,SE-SE-MA-05,Activo,MALLA T-77 X 1.60 DE ANCHO BCA
3,MATERIA PRIMA,SE-SE-MA-01,Activo,MALLA T-90 x 1.6 DE ANCHO AMARILLA
3,MATERIA PRIMA,MA-IL-MA-01-PZ,Activo,"MANGUERA INDUSTRIAL 1/8 "" 100 MT"
3,MATERIA PRIMA,MP5-130,Activo,MANGUERA NATURAL CH. PX 3/8
3,MATERIA PRIMA,MP5-131,Activo,MANGUERA NATURAL GDE. PX 5/16
3,MATERIA PRIMA,MP5-129,Activo,MANGUERA PARA ASA DE BOLSA
3,MATERIA PRIMA,MAR-C-001,Activo,MARNA 3.5
3,MATERIA PRIMA,CI-JO-DA-MA-01,Activo,MASKING TAPE 12MMX50M
3,MATERIA PRIMA,MP9-MSK,Activo,MASKING TAPE 24MMx50MTS
3,MATERIA PRIMA,CI-AR-MA-02,Activo,MASKING TUK 18x50 111
3,MATERIA PRIMA,VI-ENV-01,Activo,MASTERPACK ESTIBABLE 20 LITROS
3,MATERIA PRIMA,PM-AR-AR-01,Activo,MEDIA ARGOLLA METALICA 19mm NIQUEL
3,MATERIA PRIMA,PM-AR-AR-02,Activo,MEDIA ARGOLLA METALICA 19mm NIQUEL CIENT
3,MATERIA PRIMA,MP4-11001-S,Activo,MICA SOFT C-35 AZUL
3,MATERIA PRIMA,MP4-11000-S,Activo,MICA SOFT C-35 ROJO
3,MATERIA PRIMA,MP8-TP30-PZ,Activo,MINITAPA CUADRADA 15/415 NATURAL
3,MATERIA PRIMA,OCE-CR-3,Activo,Ocean cristal calibre 3
3,MATERIA PRIMA,OCE-CR-4,Activo,Ocean cristal calibre 4
3,MATERIA PRIMA,OCE-CR-6,Activo,Ocean cristal calibre 6
3,MATERIA PRIMA,MP5-100,Activo,"OJALETE PLÁSTICO 6MM (OJILLO 1/4"")"
3,MATERIA PRIMA,53141508,Activo,OJILLO K 145 NIKELADO
3,MATERIA PRIMA,MP5-126,Activo,OJILLO K-19 ACERO NIQUEL
3,MATERIA PRIMA,OJ-NE-NI-01,Activo,OJILLO K-20 RIO FRIO NIQ C/1000 PZ NE
3,MATERIA PRIMA,OJ-PM-NI-01,Activo,OJILLO METALICO MILANO 11-Z
3,MATERIA PRIMA,SIN-SE-AN-CH-01-,Activo,P Semirigido Antiblock Charol C 7/8 1.41
3,MATERIA PRIMA,MP4-9001-S,Activo,PAD SEDA C-40  TRANSPARENTE
3,MATERIA PRIMA,MP1-0000022-S,Activo,PALSTILUX CRISTAL VIOLETA/PLATA C-10
3,MATERIA PRIMA,PA-PA-CA--PZ,Activo,PAPEL CAPLE REVERSO CAFE 60 x 90 CMS
3,MATERIA PRIMA,PA-GE-EN-01,Activo,PAPEL CL-02 de 100gr de 70cm x 200 mts
3,MATERIA PRIMA,MP6-PC,Activo,PAPEL COUCHE C/ADHESIVO 51x66
3,MATERIA PRIMA,JO-PA-KR-01,Activo,PAPEL KRAFT
3,MATERIA PRIMA,60121124,Activo,PAPEL KRFT 60 GRMS X 45 CM
3,MATERIA PRIMA,MP8-PAR-KG,Activo,PARAGON II
3,MATERIA PRIMA,32131003,Activo,PASTILLA QUIMITEC 80 GR
3,MATERIA PRIMA,GR-PEL-POL-01-PZ,Activo,PELICULA ELASTICA PARA ENVOLTURA
3,MATERIA PRIMA,PO-RP-PE-01,Activo,PELICULA PLANA DE POLIETILENO NATURAL
3,MATERIA PRIMA,MP9-PL,Activo,Película plástica POLYSTRECH
3,MATERIA PRIMA,PE-PA-MA-01,Activo,PELICULA POLIESTER MYLAR .005 KILO
3,MATERIA PRIMA,MP8-PER-KG,Activo,PERLAS DE HIDROGEL
3,MATERIA PRIMA,TR-PT-MI-01-PZ,Activo,PERNO RANURADO 5/32 X 1 1/2
3,MATERIA PRIMA,PET-G-01,Activo,PET G
3,MATERIA PRIMA,CA-MF-01,Activo,PIAS CON MONOFILAMENTO No. 008
3,MATERIA PRIMA,CO-CD-PI-01-PZ,Activo,PIE DE TEFLON C/CANAL IZQ 1/8
3,MATERIA PRIMA,CO-CD-PI-02-PZ,Activo,PIE DE TEFLON C/CANAL IZQ.3/16
3,MATERIA PRIMA,CO-CD-PI-PZ,Activo,PIE NORMAL CERRADO DE TEFLON
3,MATERIA PRIMA,14111703,Activo,PIEZA DE TOALLA INTERDOBLADA SANITAS
3,MATERIA PRIMA,14111704,Activo,PIEZAS DE PAPEL HIGIENICO DE 200 MTS
3,MATERIA PRIMA,PI-JC-PV-01,Activo,PINTURA VEGETAL MORADA 10 ML
3,MATERIA PRIMA,PL-AP-ES-01,Activo,PLACA ESTIRENO BLANCO C-80 1.20 X 1.52
3,MATERIA PRIMA,FOT-PL-MN-01-PZ,Activo,PLACA MAGNESIO 4M/M 13X6
3,MATERIA PRIMA,MP3-03-OC3,Activo,PLASTILUK CRISTAL C 3
3,MATERIA PRIMA,SIN-PL-CH-01-PZ,Activo,Plastilux Charol C 8 1.41 Plateado
3,MATERIA PRIMA,SIN-PL-CH-03,Activo,PLASTILUX CHAROL PLATEADO C 10 1.41
3,MATERIA PRIMA,MP4-7018-S,Activo,PLASTILUX CHAROL VIOLETA TRANSPARENTE C8
3,MATERIA PRIMA,MP1-0000012-S,Activo,PLASTILUX COLORES C-8 AZUL
3,MATERIA PRIMA,MP1-0000010-S,Activo,PLASTILUX COLORES C-8 HUMO
3,MATERIA PRIMA,MP1-0000011-S,Activo,PLASTILUX COLORES C-8 MORADO
3,MATERIA PRIMA,MP1-0000015-S,Activo,PLASTILUX COLORES C-8 NARANJA
3,MATERIA PRIMA,MP1-0000014-S,Activo,PLASTILUX COLORES C-8 ROSA
3,MATERIA PRIMA,MP1-0000013-S,Activo,PLASTILUX COLORES C-8 VERDE 4150
3,MATERIA PRIMA,MP1-0000009-S,Activo,PLASTILUX COLORES C-8 VERDE487
3,MATERIA PRIMA,MP1-0000005-S,Activo,PLASTILUX CRISTAL PLATEADO C-10
3,MATERIA PRIMA,MP1-0000006-S,Activo,PLASTILUX CRISTAL PLATEADO C-12
3,MATERIA PRIMA,MP1-0000007-S,Activo,PLASTILUX CRISTAL PLATEADO C-14
3,MATERIA PRIMA,MP1-0000008-S,Activo,PLASTILUX CRISTAL PLATEADO C-16
3,MATERIA PRIMA,MP1-0000001-S,Activo,PLASTILUX CRISTAL PLATEADO C-2.5
3,MATERIA PRIMA,MP1-0000002-S,Activo,PLASTILUX CRISTAL PLATEADO C-4
3,MATERIA PRIMA,MP1-0000003-S,Activo,PLASTILUX CRISTAL PLATEADO C-6
3,MATERIA PRIMA,MP1-0000004-S,Activo,PLASTILUX CRISTAL PLATEADO C-8
3,MATERIA PRIMA,MP4-7011-S,Activo,PLASTILUX SEDA C-10 AMARILLO
3,MATERIA PRIMA,MP4-7013-S,Activo,PLASTILUX SEDA C-10 AQUA
3,MATERIA PRIMA,MP4-7012-S,Activo,PLASTILUX SEDA C-10 AZUL
3,MATERIA PRIMA,MP4-7014-S,Activo,PLASTILUX SEDA C-10 NARANJA
3,MATERIA PRIMA,MP4-7016-S,Activo,PLASTILUX SEDA C-10 ROJO
3,MATERIA PRIMA,MP4-7017-S,Activo,PLASTILUX SEDA C-10 ROSA
3,MATERIA PRIMA,MP4-7010-S,Activo,PLASTILUX SEDA C-10 TRANSPARENTE
3,MATERIA PRIMA,MP4-7015-S,Activo,PLASTILUX SEDA C-10 VERDE
3,MATERIA PRIMA,PL-SI-SR-01,Activo,PLASTILUX SEMI-RÍGIDO ANTIBLOCK C 5/6
3,MATERIA PRIMA,MP2-0000023-S,Activo,PLASTILUX SEMI-RÍGIDO C-10
3,MATERIA PRIMA,MP2-0000020-S,Activo,PLASTILUX SEMI-RÍGIDO C-4/5
3,MATERIA PRIMA,MP2-0000021-S,Activo,PLASTILUX SEMI-RÍGIDO C-5/6
3,MATERIA PRIMA,MP2-0000022-S,Activo,PLASTILUX SEMI-RÍGIDO C-7/8
3,MATERIA PRIMA,MP4-10000-S,Activo,PLASTILUX ZAPATILLA C-20
3,MATERIA PRIMA,MP4-10001-S,Activo,PLASTILUX ZAPATILLA C-30
3,MATERIA PRIMA,MP4-10002-S,Activo,PLASTILUX ZAPATILLA C-40
3,MATERIA PRIMA,MP4-10003-S,Activo,PLASTILUX ZAPATILLA C-80
3,MATERIA PRIMA,MA-PL-01-PZ,Activo,PLECAS DE ACERO CON FILO
3,MATERIA PRIMA,TE-RO-PO-02,Activo,POLIESTER 600 AZUL MARINO
3,MATERIA PRIMA,TE-RO-PO-03,Activo,POLIESTER 600 GRIS MEDIO
3,MATERIA PRIMA,TE-RO-PO-01,Activo,POLIESTER 600 GRIS PLATA
3,MATERIA PRIMA,PO-SA-PI-02,Activo,POLIETILENO 150 CMS ESP 200 PIGMENTO BCO
3,MATERIA PRIMA,PO-SA-PI-04,Activo,POLIETILENO 150 CMS ESP200 PIGMENTO AZUL
3,MATERIA PRIMA,PO-SA-PI-03,Activo,POLIETILENO 150 CMS ESP200 PIGMENTO ROJO
3,MATERIA PRIMA,MP11-POLI-KG,Activo,POLIETILENO NATURAL ESP. 190
3,MATERIA PRIMA,PO-FI-PO-01,Activo,POLIOLEFINA DE 8 PULGADAS
3,MATERIA PRIMA,PL-POL-01-PZ,Activo,POLIPROPILENO PLACA 6.4MX6.10
3,MATERIA PRIMA,TE-IM-PO-09,Activo,POLY 600 BEIGE
3,MATERIA PRIMA,TE-IM-PO-06,Activo,POLY 600X300 100% POLIESTER BLANCO
3,MATERIA PRIMA,TE-IM-PO-07,Activo,POLY 600X300 100% POLIESTER NEGRO
3,MATERIA PRIMA,TE-IM-PO-03,Activo,POLY 600X300 AMARILLO CANARIO
3,MATERIA PRIMA,IMP-POL-01-PZ,Activo,POLY 600X600 PU 100% POLIESTER
3,MATERIA PRIMA,TE-SR-PO-01,Activo,POLYESTER ULOG 700 NEGRO
3,MATERIA PRIMA,MP6-P1475V,Activo,PRESBOARD IMPORTADO VERDE 52*90 CM
3,MATERIA PRIMA,CO-PR-02-PZ,Activo,PRESERVALAR DMP 500 GMS ENV/INC
3,MATERIA PRIMA,CO-PR-01-PZ,Activo,PRESERVALAR PHDG 25 KG ENV-INC
3,MATERIA PRIMA,CO-PR-03-PZ,Activo,PRESERVALAR PHDG 500 GMS E/I
3,MATERIA PRIMA,CO-PR-04-PZ,Activo,PRESERVALAR PHDG ENV/CLIENTE
3,MATERIA PRIMA,3-EMC-CIM,Activo,PROTECTOR COLCHON CRISTAL
3,MATERIA PRIMA,BLAN-PROT,Activo,PROTECTOR COLCHON CRISTAL
3,MATERIA PRIMA,MP4-9004-S,Activo,PVC RIGIDO 12
3,MATERIA PRIMA,PL-RI-RI-01,Activo,PVC RIGIDO C 10
3,MATERIA PRIMA,EM-CA-RA-01,Activo,RAFIA
3,MATERIA PRIMA,GFY-RAF-08,Activo,RAFIA CAL 8
3,MATERIA PRIMA,EM-FI-RA-01,Activo,RAFIA DE 1125 M BLANCO C 3.8 G/M
3,MATERIA PRIMA,AL-CON-01-PZ,Activo,RAFIA NATURAL DEL No. 4
3,MATERIA PRIMA,PM-RE-RE-01,Activo,REMACHE RAPIDO MILANO #36 NIQUEL
3,MATERIA PRIMA,PM-RE-RE-02,Activo,REMACHE RAPIDO MILANO #36 NIQUEL c/500pz
3,MATERIA PRIMA,MP6-RE3,Activo,RESISTOL 30-80
3,MATERIA PRIMA,MP6-RE5,Activo,RESISTOL 5000
3,MATERIA PRIMA,BO-SE-RO-01,Activo,ROJO BOLSA KG TINBOL006KG
3,MATERIA PRIMA,PO-SA-NA-01,Activo,ROLLO DE POLIETILENO BAJA DENSIDAD29 CM
3,MATERIA PRIMA,PO-SA-NA-06,Activo,ROLLO DE POLIETILENO DE 28CM C 115
3,MATERIA PRIMA,PO-SA-NA-05,Activo,ROLLO DE POLIETILENO IMPRESO VOTA
3,MATERIA PRIMA,RO-PO-NA-01,Activo,ROLLO DE POLIETILENO NATURAL
3,MATERIA PRIMA,EM-JD-FL-01,Activo,"ROLLO FLEJE 1/2"" P/MAQ"
3,MATERIA PRIMA,PO-SA-NA-04,Activo,ROLLO NATURAL SIN IMPRESION  70PBCO
3,MATERIA PRIMA,EMP-CA-PE-01,Activo,ROLLO PELICULA MSTRECH 18-80-1000
3,MATERIA PRIMA,PO-SA-NA-02,Activo,ROLLO POLIETILENO 40CM PIGMENTOS VERDES
3,MATERIA PRIMA,PO-SA-NA-03,Activo,ROLLO POLIETILENO BAJA DENSIDAD ESP 190
3,MATERIA PRIMA,MP10-POLI-KG,Activo,ROLLO POLIETILENO DE 28 CM C 115
3,MATERIA PRIMA,PO-SA-PI-01,Activo,ROLLO POLIETILENO PIGMENTADO VERDE AGUA
3,MATERIA PRIMA,RO-TL-MT-PZ,Activo,ROLLO TELA NON WOVEN IMPRESA Y LAMINADA
3,MATERIA PRIMA,TR-MU-RO-04-PZ,Activo,RONDANA DE PRESION GALV 1/4
3,MATERIA PRIMA,TR-MU-RO-03-PZ,Activo,RONDANA PLANA GALVANIZADA 1/4
3,MATERIA PRIMA,MP4-9002-S,Activo,SATINADO ANTIESTATICO SEDA C-4/5
3,MATERIA PRIMA,SAT-002,Activo,SATINADO LLUVIA  SEDA C-8 TRANSPARENTE
3,MATERIA PRIMA,MP4-3000-S,Activo,SATINADO LLUVIA C-3/4 AMARILLO
3,MATERIA PRIMA,MP4-3004-S,Activo,SATINADO LLUVIA C-3/4 NARANJA
3,MATERIA PRIMA,MP4-3003-S,Activo,SATINADO LLUVIA C-3/4 ROSA
3,MATERIA PRIMA,MP4-3001-S,Activo,SATINADO LLUVIA C-3/4 TRANSPARARENTE
3,MATERIA PRIMA,MP4-3002-S,Activo,SATINADO LLUVIA C-3/4 VERDE
3,MATERIA PRIMA,MP4-3005-S,Activo,SATINADO LLUVIA C-4 TRANSPARENTE
3,MATERIA PRIMA,MP4-3006-S,Activo,SATINADO LLUVIA C-6 AMARILLO
3,MATERIA PRIMA,MP4-3011-S,Activo,SATINADO LLUVIA C-6 AZUL
3,MATERIA PRIMA,MP4-3010-S,Activo,SATINADO LLUVIA C-6 NARANJA
3,MATERIA PRIMA,MP4-3009-S,Activo,SATINADO LLUVIA C-6 ROSA
3,MATERIA PRIMA,MP4-3007-S,Activo,SATINADO LLUVIA C-6 TRANSPARENTE
3,MATERIA PRIMA,MP4-3008-S,Activo,SATINADO LLUVIA C-6 VERDE
3,MATERIA PRIMA,SAT-001,Activo,SATINADO LLUVIA SEDA C-6 TRASPARENTE
3,MATERIA PRIMA,SU-SA-01,Activo,SATINADO SEDA C 5 TRANSPARENTE
3,MATERIA PRIMA,MP4-2006-S,Activo,SATINADO SEDA C-4 AMARILLO
3,MATERIA PRIMA,MP4-2000-S,Activo,SATINADO SEDA C-4 AZUL MARINO
3,MATERIA PRIMA,MP4-2005-S,Activo,SATINADO SEDA C-4 AZUL REY
3,MATERIA PRIMA,MP4-2002-S,Activo,SATINADO SEDA C-4 BLANCO
3,MATERIA PRIMA,MP4-2001-S,Activo,SATINADO SEDA C-4 NARANJA
3,MATERIA PRIMA,MP4-2004-S,Activo,SATINADO SEDA C-4 NEGRO
3,MATERIA PRIMA,MP4-2003-S,Activo,SATINADO SEDA C-4 PLATA
3,MATERIA PRIMA,MP4-2008-S,Activo,SATINADO SEDA C-4 ROJO
3,MATERIA PRIMA,MP4-2009-S,Activo,SATINADO SEDA C-4 TRANSPARENTE
3,MATERIA PRIMA,MP4-2007-S,Activo,SATINADO SEDA C-4 VERDE MILITAR
3,MATERIA PRIMA,MP4-2022-S,Activo,SATINADO SEDA C-6 AMARILLO
3,MATERIA PRIMA,MP4-2016-S,Activo,SATINADO SEDA C-6 AZUL CIELO
3,MATERIA PRIMA,MP4-2012-S,Activo,SATINADO SEDA C-6 AZUL MARINO
3,MATERIA PRIMA,MP4-2019-S,Activo,SATINADO SEDA C-6 AZUL REY
3,MATERIA PRIMA,MP4-2014-S,Activo,SATINADO SEDA C-6 BLANCO
3,MATERIA PRIMA,MP4-2020-S,Activo,SATINADO SEDA C-6 CAFÉ
3,MATERIA PRIMA,MP4-2024-S,Activo,SATINADO SEDA C-6 FIUSHA
3,MATERIA PRIMA,MP4-2015-S,Activo,SATINADO SEDA C-6 HUESO
3,MATERIA PRIMA,MP4-2013-S,Activo,SATINADO SEDA C-6 NARANJA
3,MATERIA PRIMA,MP4-2018-S,Activo,SATINADO SEDA C-6 NEGRO
3,MATERIA PRIMA,MP4-2017-S,Activo,SATINADO SEDA C-6 PLATA
3,MATERIA PRIMA,MP4-2025-S,Activo,SATINADO SEDA C-6 ROJO
3,MATERIA PRIMA,MP4-2011-S,Activo,SATINADO SEDA C-6 ROSA
3,MATERIA PRIMA,SA-SI-SE-01,Activo,SATINADO SEDA C-6 TRANSLUCIDO (001)
3,MATERIA PRIMA,MP4-2010-S,Activo,SATINADO SEDA C-6 VERDE
3,MATERIA PRIMA,MP4-2023-S,Activo,SATINADO SEDA C-6 VERDE MILITAR
3,MATERIA PRIMA,MP4-2021-S,Activo,SATINADO SEDA C-6 VINO
3,MATERIA PRIMA,MP4-2030-S,Activo,SATINADO SEDA C-8  NEGRO
3,MATERIA PRIMA,MP4-2033-S,Activo,SATINADO SEDA C-8 AMARILLO
3,MATERIA PRIMA,MP4-2027-S,Activo,SATINADO SEDA C-8 AZUL MARINO
3,MATERIA PRIMA,MP4-2031-S,Activo,SATINADO SEDA C-8 AZUL REY
3,MATERIA PRIMA,MP4-2026-S,Activo,SATINADO SEDA C-8 BLANCO
3,MATERIA PRIMA,MP4-2028-S,Activo,SATINADO SEDA C-8 HUESO
3,MATERIA PRIMA,MP4-2029-S,Activo,SATINADO SEDA C-8 PLATA
3,MATERIA PRIMA,MP4-2034-S,Activo,SATINADO SEDA C-8 VERDE MILITAR
3,MATERIA PRIMA,MP4-2032-S,Activo,SATINADO SEDA C-8 VINO
3,MATERIA PRIMA,SAT-SEDA,Activo,SATINADO SEDA CALIBRE 6
3,MATERIA PRIMA,SI-SA-SE-01,Activo,SATINADO SEDA TRANSPARENTE C 8
3,MATERIA PRIMA,MP4-9000-S,Activo,SEDA GEL C-12 TRANSPARENTE
3,MATERIA PRIMA,SE-SI-GE-2281,Activo,SEDA GEL SONORA C-10 COLOR HUMO CVE 2281
3,MATERIA PRIMA,MP4-7002-S,Activo,SELLOPLAST CHAROL C-8 AZUL CIELO
3,MATERIA PRIMA,MP4-7005-S,Activo,SELLOPLAST CHAROL C-8 AZUL REY
3,MATERIA PRIMA,MP4-7000-S,Activo,SELLOPLAST CHAROL C-8 BLANCO
3,MATERIA PRIMA,MP4-7001-S,Activo,SELLOPLAST CHAROL C-8 NEGRO
3,MATERIA PRIMA,MP4-7004-S,Activo,SELLOPLAST CHAROL C-8 ROJO
3,MATERIA PRIMA,MP4-7003-S,Activo,SELLOPLAST CHAROL C-8 VERDE
3,MATERIA PRIMA,MP4-6004-S,Activo,SELLOPLAST SONORA C-10 AMARILLO
3,MATERIA PRIMA,MP4-6003-S,Activo,SELLOPLAST SONORA C-10 AZUL REY
3,MATERIA PRIMA,MP4-6005-S,Activo,SELLOPLAST SONORA C-10 BEIGE
3,MATERIA PRIMA,MP4-6001-S,Activo,SELLOPLAST SONORA C-10 BLANCO
3,MATERIA PRIMA,MP4-6007-S,Activo,SELLOPLAST SONORA C-10 CAFÉ
3,MATERIA PRIMA,MP4-6008-S,Activo,SELLOPLAST SONORA C-10 NARANJA
3,MATERIA PRIMA,MP4-6002-S,Activo,SELLOPLAST SONORA C-10 NEGRO
3,MATERIA PRIMA,MP4-6000-S,Activo,SELLOPLAST SONORA C-10 ROJO
3,MATERIA PRIMA,MP4-6006-S,Activo,SELLOPLAST SONORA C-10 VERDE
3,MATERIA PRIMA,MP4-6009-S,Activo,SELLOPLAST SONORA C-10 VINO
3,MATERIA PRIMA,MP4-4001-S,Activo,SELLOPLAST SONORA C-6 BLANCO
3,MATERIA PRIMA,MP4-4002-S,Activo,SELLOPLAST SONORA C-6 NEGRO
3,MATERIA PRIMA,MP4-4000-S,Activo,SELLOPLAST SONORA C-6 TRANSPARENTE
3,MATERIA PRIMA,MP4-5006-S,Activo,SELLOPLAST SONORA C-8 AMARILLO
3,MATERIA PRIMA,MP4-5005-S,Activo,SELLOPLAST SONORA C-8 AZUL MARINO
3,MATERIA PRIMA,MP4-5004-S,Activo,SELLOPLAST SONORA C-8 AZUL REY
3,MATERIA PRIMA,MP4-5002-S,Activo,SELLOPLAST SONORA C-8 BLANCO
3,MATERIA PRIMA,MP4-5003-S,Activo,SELLOPLAST SONORA C-8 NEGRO
3,MATERIA PRIMA,MP4-5001-S,Activo,SELLOPLAST SONORA C-8 ROJO
3,MATERIA PRIMA,MP4-5000-S,Activo,SELLOPLAST SONORA C-8 TRANSPARTE
3,MATERIA PRIMA,MP4-5007-S,Activo,SELLOPLAST SONORA MORADO (852) C8
3,MATERIA PRIMA,MP2-0587006-P,Activo,SEMI-RÍGIDO TRANSPARENTE C-10
3,MATERIA PRIMA,MP2-0587501-P,Activo,SEMI-RÍGIDO TRANSPARENTE C-12 PLAMI
3,MATERIA PRIMA,MP2-0588004-P,Activo,SEMI-RÍGIDO TRANSPARENTE C-14
3,MATERIA PRIMA,MP2-0590505-P,Activo,SEMI-RÍGIDO TRANSPARENTE C-3/4
3,MATERIA PRIMA,MP2-0592006-P,Activo,SEMI-RÍGIDO TRANSPARENTE C-4/5
3,MATERIA PRIMA,MP2-0595009-P,Activo,SEMI-RÍGIDO TRANSPARENTE C-5/6
3,MATERIA PRIMA,MP2-0581009-P,Activo,SEMI-RÍGIDO TRANSPARENTE C-7
3,MATERIA PRIMA,SO-DG-SE-PZ,Activo,SENSIBLIZADOR PARA EMULSION CP-2 (3.5 GM
3,MATERIA PRIMA,MP7-SEP,Activo,SERISOL PLUS
3,MATERIA PRIMA,HI-SH-01-PZ,Activo,SHAMPOO PARA MANOS CON AROMA CEREZA
3,MATERIA PRIMA,SILIFENIX,Activo,SILIFENIX SILICON SPRAY 400 GR
3,MATERIA PRIMA,MP9-L-042,Activo,SLEEVES PACKING BOXES LARGE
3,MATERIA PRIMA,MP9-L-041,Activo,SLEEVES PACKING BOXES STANDARD
3,MATERIA PRIMA,SE-SM-SO-01,Activo,SOLV. DESMANCHADOR DE PLASTICO M-82
3,MATERIA PRIMA,MP7-PRE,Activo,SOLVENTE PREGASOL
3,MATERIA PRIMA,SE-GR-SO-01,Activo,SOLVENTE VINILICO 44-180
3,MATERIA PRIMA,MP3.-2733947-P,Activo,STELAR C-5 ALUMINIO METÁLICO
3,MATERIA PRIMA,MP3.-2733954-P,Activo,STELAR C-5 AMARILLO
3,MATERIA PRIMA,MP3.-2733970-P,Activo,STELAR C-5 AZUL CIELO
3,MATERIA PRIMA,MP3.-2733988-P,Activo,STELAR C-5 AZUL MARINO
3,MATERIA PRIMA,MP3.-2733996-P,Activo,STELAR C-5 AZUL REY
3,MATERIA PRIMA,MP3.-2734002-P,Activo,STELAR C-5 BLANCO
3,MATERIA PRIMA,MP3.-2734051-P,Activo,STELAR C-5 NEGRO
3,MATERIA PRIMA,MP3.-2734069-P,Activo,STELAR C-5 ROJO
3,MATERIA PRIMA,MP3.-2734077-P,Activo,STELAR C-5 ROSA
3,MATERIA PRIMA,TAR-001,Activo,TARIMA DE PLASTICO 1X1.20
3,MATERIA PRIMA,AL-SO-TA-01-PZ,Activo,TARIMA PARA EXPORTACION EXP1010 Abierta
3,MATERIA PRIMA,MP-HM-TA-PZ,Activo,TARJETAS PARA RISTRA IMPRESAS
3,MATERIA PRIMA,GE-GF-CA-PZ,Activo,TC CARBOMER 340 B 500 GMS E/I
3,MATERIA PRIMA,ASP-TJ-02-PZ,Activo,TEJIDO DE BUCLE CON RECUBRIMIENTO DE POL
3,MATERIA PRIMA,ASP-TJ-01-PZ,Activo,TEJIDO DE BUCLE CON RECUBRIMIENTO DE POL
3,MATERIA PRIMA,AL-SA-TE-01-PZ,Activo,TELA DE FIBRA SINTETICA IMP. POLYURETHAN
3,MATERIA PRIMA,MP6-TEF-03,Activo,"TELA FIBRIFLON DE 0.003"" S/A"
3,MATERIA PRIMA,MP6-TEF-05,Activo,"TELA FIBRIFLON DE 0.005"" S/A"
3,MATERIA PRIMA,POL-EL-TE-01-PZ,Activo,TELA POLAR LISO
3,MATERIA PRIMA,TELA POLI,Activo,TELA POLICANASTO
3,MATERIA PRIMA,TE-IM-PO-05,Activo,TELA POLY 600 AZUL MARINO
3,MATERIA PRIMA,TE-IM-PO-04,Activo,TELA POLY 600 GRIS PLATA (PERLA
3,MATERIA PRIMA,TE-IM-PO-02,Activo,TELA POLY 700 GRIS MEDIO RAYADO
3,MATERIA PRIMA,TE-IM-PO-08,Activo,TELA POLY 700 GRIS OBSCURO RALLADA
3,MATERIA PRIMA,TE-IM-PO-01,Activo,TELA POLY 700 RAYADO NEGRO
3,MATERIA PRIMA,TE-IM-SI-01,Activo,TELA SILVER ROJO
3,MATERIA PRIMA,MANT-PL-94,Activo,TELA TEFLON AESA (3MIL)
3,MATERIA PRIMA,SOLVENTES,Activo,THINER STANDAR
3,MATERIA PRIMA,CO-CD-TI-PZ,Activo,TIJERA MULTIUSO 8.5 SOLO
3,MATERIA PRIMA,MP7-1025,Activo,TINTA AMARILLO CLARO UNIPLAST 1/4 KG
3,MATERIA PRIMA,BE-UNI-TI-01-PZ,Activo,TINTA AZUL CIAN POLICROMIA
3,MATERIA PRIMA,TI-SE-BO-02,Activo,TINTA AZUL OSCURO BOLSA CUARTO
3,MATERIA PRIMA,TI-SE-BO-03,Activo,TINTA AZUL ULTRA BOLSA CUARTO
3,MATERIA PRIMA,SA-TI-PP-03,Activo,TINTA AZUL ULTRA PP NON WOVEN
3,MATERIA PRIMA,SA-TI-PP-01,Activo,TINTA BLANCO PP NON WOVEN SP
3,MATERIA PRIMA,BE-UNI-TI-01,Activo,TINTA MAGENTA SP UNIPLAST  PSQ43165 1
3,MATERIA PRIMA,SA-TI-PP-02,Activo,TINTA NEGRO PP NON WOVEN
3,MATERIA PRIMA,MP7-1024,Activo,TINTA NEGRO SP UNIPLAST 1/4 KG
3,MATERIA PRIMA,MP7-1026,Activo,TINTA OPACO PARA RETOCAR POSITIVOS
3,MATERIA PRIMA,SA-TI-PP-05,Activo,TINTA ORO VERDOSO PP NON WOVEN
3,MATERIA PRIMA,TIN-001-AZU,Activo,TINTA VINIL AZUL REFLEX
3,MATERIA PRIMA,BE-VI-TI-06-PZ,Activo,TINTA VINIL BRILLANTE  BASE TRANSPARENTE
3,MATERIA PRIMA,TI-BE-VI-01-PZ,Activo,TINTA VINIL BRILLANTE PLATA
3,MATERIA PRIMA,BE-VI-TI-13-PZ,Activo,TINTA VINIL MATE AMARILLO CROMO
3,MATERIA PRIMA,BE-VI-TI-10-PZ,Activo,TINTA VINIL MATE AMARILLO LIMON
3,MATERIA PRIMA,BE-TI-VI-01-PZ,Activo,TINTA VINIL MATE AMARILLO MEDIO
3,MATERIA PRIMA,AZU-COV-MT-001,Activo,TINTA VINIL MATE AZUL COBALTO
3,MATERIA PRIMA,BE-VI-TI-07,Activo,TINTA VINIL MATE AZUL PROCESS
3,MATERIA PRIMA,BE-VI-TI-09-PZ,Activo,TINTA VINIL MATE BERMELLON
3,MATERIA PRIMA,BE-TI-VI-02-PZ,Activo,TINTA VINIL MATE BLANCO
3,MATERIA PRIMA,MP7-1000,Activo,TINTA VINIL MATE BLANCO SP-700
3,MATERIA PRIMA,BE-VI-TI-07-PZ,Activo,TINTA VINIL MATE BUGAMBILIA
3,MATERIA PRIMA,BE-VI-TI-08,Activo,TINTA VINIL MATE CAFE
3,MATERIA PRIMA,BE-VI-TI-08-PZ,Activo,TINTA VINIL MATE MANDARINA
3,MATERIA PRIMA,BE-VI-TI-12-PZ,Activo,TINTA VINIL MATE NARANJA
3,MATERIA PRIMA,BE-VI-TI-15-PZ,Activo,TINTA VINIL MATE NARANJA FLUORESCENTE
3,MATERIA PRIMA,BE-VI-TI-04-PZ,Activo,TINTA VINIL MATE NEGRO
3,MATERIA PRIMA,BE-VI-TI-05-PZ,Activo,TINTA VINIL MATE ORO VERDOSO
3,MATERIA PRIMA,MP7-999,Activo,TINTA VINIL MATE PANTONE
3,MATERIA PRIMA,BE-VI-TI-11-PZ,Activo,TINTA VINIL MATE PLATA
3,MATERIA PRIMA,MP7-1002,Activo,TINTA VINIL MATE ROJO FUEGO SP-700
3,MATERIA PRIMA,BE-VI-TI-14-PZ,Activo,TINTA VINIL MATE ROJO SP
3,MATERIA PRIMA,BE-VI-TI-03-PZ,Activo,TINTA VINIL MATE VERDE BRILLANTE
3,MATERIA PRIMA,MPV-TS-0000256,Activo,TINTA VINIL UNIPLAST  BLANCO
3,MATERIA PRIMA,TR-MU-TR-01-PZ,Activo,TORNILLO HEX G2 NC GALV 1/4 X 2
3,MATERIA PRIMA,MA-TR-BL-01-PZ,Activo,TRAPO BLANCO ESPECIAL TIPO PRENDA
3,MATERIA PRIMA,MP8-TRI-KG,Activo,TRIETALONAMINA
3,MATERIA PRIMA,GE-CL-TR-TA,Activo,TRIETANOLAMINA 85% 230 KG TAMBOR
3,MATERIA PRIMA,OJ-PM-NI-03,Activo,TROQUEL OJILLO K-3 × 11-Z
3,MATERIA PRIMA,PM-RE-RE-03,Activo,TROQUEL REMACHE UNIVERSAL
3,MATERIA PRIMA,BE-UNI-BA-01,Activo,UNIPLAST BARNIZ REDUCTOR
3,MATERIA PRIMA,MP5-137,Activo,VALVULA CHICA TRANSPARENTE
3,MATERIA PRIMA,MP5-138,Activo,VALVULA GRANDE TRANSPARENTE
3,MATERIA PRIMA,PM-VA-01-PZ,Activo,VALVULA PARA INFLABLE 25mm
3,MATERIA PRIMA,IN-PE-MI-VA-01,Activo,VALVULA PARA INFLABLE 30 MM
3,MATERIA PRIMA,PQS15021 1,Activo,VERDE VRILLANTEMSP VINIL MANTE
3,MATERIA PRIMA,MP6-VI,Activo,VINIL BLANCO CON ADHESIVO
3,MATERIA PRIMA,MP6-VIM,Activo,VINIL MAGNETICO BCO. MATE C-15
3,MATERIA PRIMA,12171703,Activo,VINIL MATE ORO VERDOSO
3,MATERIA PRIMA,VI-IM-VI-02,Activo,VIVO BEIGE
3,MATERIA PRIMA,VI-IM-VI-01,Activo,VIVO NEGRO
